{"cameraMode":{"drawMode":0,"name":"Shaded","section":"Shading Mode"},"sceneLighting":true,"audioPlay":false,"sceneViewState":{"m_AlwaysRefresh":false,"showFog":true,"showSkybox":true,"showFlares":true,"showImageEffects":true,"showParticleSystems":true,"showVisualEffectGraphs":true,"m_FxEnabled":true},"in2DMode":false,"pivot":{"x":453.6474914550781,"y":2.04537034034729,"z":-36.436100006103519},"rotation":{"x":0.0006747448351234198,"y":0.8106065988540649,"z":0.0013529642019420863,"w":-0.5857401490211487},"size":13.825737953186036,"orthographic":false}