{"cameraMode":{"drawMode":0,"name":"Shaded","section":"Shading Mode"},"sceneLighting":true,"audioPlay":false,"sceneViewState":{"m_AlwaysRefresh":false,"showFog":true,"showSkybox":true,"showFlares":true,"showImageEffects":true,"showParticleSystems":true,"showVisualEffectGraphs":true,"m_FxEnabled":true},"in2DMode":false,"pivot":{"x":222.89227294921876,"y":-38.13970184326172,"z":73.10816955566406},"rotation":{"x":0.2717999219894409,"y":0.16116641461849214,"z":-0.046227846294641498,"w":0.9476744532585144},"size":124.8095932006836,"orthographic":false}